{
  "DisplayName": "SendTransactionStatus",
  "Tooltip": null,
  "HelpLink": null,
  "Color": null,
  "OriginalIconFileName": null,
  "Arguments": [
    {
      "Name": "in_strClientName",
      "DisplayName": "in_strClientName",
      "Category": null,
      "Tooltip": null,
      "Placeholder": "Instacredit",
      "Widget": null,
      "IsRequired": false,
      "IsPrincipal": true,
      "ArgumentType": 0,
      "DataSourceItems": null
    },
    {
      "Name": "in_strArea",
      "DisplayName": "in_strArea",
      "Category": null,
      "Tooltip": null,
      "Placeholder": "Administración",
      "Widget": null,
      "IsRequired": false,
      "IsPrincipal": true,
      "ArgumentType": 0,
      "DataSourceItems": null
    },
    {
      "Name": "in_strProyect",
      "DisplayName": "in_strProyect",
      "Category": null,
      "Tooltip": null,
      "Placeholder": "Estados de Cuenta",
      "Widget": null,
      "IsRequired": false,
      "IsPrincipal": true,
      "ArgumentType": 0,
      "DataSourceItems": null
    },
    {
      "Name": "in_strSubProcess",
      "DisplayName": "in_strSubProcess",
      "Category": null,
      "Tooltip": null,
      "Placeholder": "Davivienda",
      "Widget": null,
      "IsRequired": false,
      "IsPrincipal": true,
      "ArgumentType": 0,
      "DataSourceItems": null
    },
    {
      "Name": "in_strExecEndDate",
      "DisplayName": "in_strExecEndDate",
      "Category": null,
      "Tooltip": null,
      "Placeholder": "2024-07-03",
      "Widget": null,
      "IsRequired": false,
      "IsPrincipal": true,
      "ArgumentType": 0,
      "DataSourceItems": null
    },
    {
      "Name": "in_strExecStartDate",
      "DisplayName": "in_strExecStartDate",
      "Category": null,
      "Tooltip": null,
      "Placeholder": "2024-07-03",
      "Widget": null,
      "IsRequired": false,
      "IsPrincipal": true,
      "ArgumentType": 0,
      "DataSourceItems": null
    },
    {
      "Name": "in_strExecStartTime",
      "DisplayName": "in_strExecStartTime",
      "Category": null,
      "Tooltip": null,
      "Placeholder": "16:05:55",
      "Widget": null,
      "IsRequired": false,
      "IsPrincipal": true,
      "ArgumentType": 0,
      "DataSourceItems": null
    },
    {
      "Name": "in_strExecEndTime",
      "DisplayName": "in_strExecEndTime",
      "Category": null,
      "Tooltip": null,
      "Placeholder": "16:10:56",
      "Widget": null,
      "IsRequired": false,
      "IsPrincipal": true,
      "ArgumentType": 0,
      "DataSourceItems": null
    },
    {
      "Name": "in_strExecStatus",
      "DisplayName": "in_strExecStatus",
      "Category": null,
      "Tooltip": null,
      "Placeholder": "Successful",
      "Widget": null,
      "IsRequired": false,
      "IsPrincipal": true,
      "ArgumentType": 0,
      "DataSourceItems": null
    },
    {
      "Name": "in_strExecStatusDetail",
      "DisplayName": "in_strExecStatusDetail",
      "Category": null,
      "Tooltip": null,
      "Placeholder": "Ok",
      "Widget": null,
      "IsRequired": false,
      "IsPrincipal": true,
      "ArgumentType": 0,
      "DataSourceItems": null
    },
    {
      "Name": "in_intDbTimeout",
      "DisplayName": "in_intDbTimeout",
      "Category": null,
      "Tooltip": null,
      "Placeholder": "30000",
      "Widget": null,
      "IsRequired": false,
      "IsPrincipal": true,
      "ArgumentType": 0,
      "DataSourceItems": null
    }
  ]
}